label,id
68,1
38,2
74,3
12,4
74,5
55,6
190,7
3,8
164,9
153,10
84,11
173,12
188,13
158,14
61,15
110,16
111,17
146,18
148,19
4,20
94,21
12,22
120,23
7,24
29,25
61,26
58,27
3,28
181,29
197,30
45,31
142,32
137,33
27,34
89,35
167,36
149,37
14,38
21,39
160,40
11,41
193,42
111,43
64,44
174,45
123,46
75,47
76,48
76,49
6,50
104,51
11,52
144,53
70,54
147,55
8,56
69,57
51,58
70,59
30,60
124,61
70,62
22,63
85,64
34,65
77,66
142,67
178,68
42,69
189,70
183,71
47,72
123,73
22,74
191,75
20,76
84,77
101,78
131,79
188,80
155,81
44,82
42,83
77,84
41,85
85,86
12,87
73,88
185,89
172,90
68,91
128,92
77,93
167,94
82,95
20,96
120,97
101,98
151,99
107,100
137,101
109,102
193,103
45,104
72,105
112,106
161,107
189,108
109,109
154,110
10,111
133,112
187,113
103,114
39,115
86,116
106,117
195,118
72,119
149,120
130,121
136,122
148,123
7,124
168,125
31,126
28,127
40,128
86,129
170,130
131,131
62,132
196,133
97,134
43,135
197,136
62,137
135,138
185,139
26,140
34,141
139,142
173,143
20,144
24,145
51,146
27,147
134,148
163,149
74,150
118,151
61,152
181,153
159,154
94,155
87,156
181,157
12,158
45,159
159,160
78,161
159,162
114,163
102,164
35,165
75,166
99,167
96,168
123,169
54,170
84,171
35,172
69,173
188,174
37,175
125,176
174,177
199,178
150,179
86,180
172,181
150,182
66,183
198,184
170,185
115,186
22,187
73,188
9,189
99,190
186,191
82,192
78,193
196,194
139,195
193,196
195,197
62,198
182,199
188,200
97,201
10,202
173,203
164,204
33,205
125,206
84,207
155,208
93,209
169,210
133,211
73,212
170,213
16,214
145,215
64,216
171,217
5,218
174,219
79,220
158,221
112,222
35,223
37,224
75,225
127,226
53,227
87,228
170,229
115,230
34,231
53,232
40,233
88,234
26,235
13,236
183,237
195,238
22,239
167,240
28,241
87,242
53,243
123,244
160,245
186,246
7,247
10,248
41,249
69,250
20,251
5,252
58,253
50,254
111,255
139,256
129,257
180,258
98,259
152,260
123,261
132,262
43,263
90,264
61,265
99,266
42,267
130,268
28,269
71,270
25,271
120,272
93,273
6,274
74,275
72,276
62,277
183,278
46,279
185,280
126,281
58,282
41,283
21,284
1,285
4,286
46,287
4,288
198,289
56,290
45,291
154,292
31,293
47,294
183,295
112,296
36,297
119,298
128,299
177,300
135,301
28,302
109,303
20,304
106,305
18,306
100,307
29,308
160,309
100,310
11,311
103,312
18,313
198,314
19,315
196,316
142,317
137,318
82,319
181,320
143,321
28,322
139,323
124,324
115,325
171,326
185,327
111,328
177,329
14,330
21,331
28,332
172,333
73,334
87,335
87,336
143,337
53,338
79,339
98,340
137,341
61,342
4,343
156,344
161,345
194,346
148,347
92,348
121,349
22,350
154,351
87,352
19,353
111,354
63,355
184,356
186,357
42,358
131,359
6,360
173,361
25,362
108,363
50,364
72,365
67,366
31,367
188,368
51,369
87,370
68,371
19,372
40,373
51,374
136,375
99,376
31,377
109,378
27,379
139,380
74,381
33,382
77,383
53,384
166,385
137,386
36,387
93,388
42,389
104,390
75,391
165,392
177,393
192,394
42,395
48,396
56,397
17,398
169,399
159,400
39,401
108,402
174,403
43,404
135,405
142,406
46,407
177,408
147,409
5,410
126,411
187,412
154,413
71,414
23,415
117,416
98,417
181,418
100,419
93,420
10,421
138,422
65,423
8,424
194,425
22,426
182,427
33,428
70,429
126,430
73,431
163,432
31,433
29,434
41,435
46,436
95,437
106,438
176,439
66,440
29,441
17,442
127,443
37,444
108,445
17,446
148,447
46,448
153,449
9,450
155,451
54,452
112,453
23,454
113,455
196,456
68,457
106,458
137,459
4,460
181,461
89,462
130,463
49,464
162,465
82,466
193,467
124,468
118,469
28,470
29,471
31,472
170,473
65,474
74,475
74,476
89,477
14,478
35,479
133,480
34,481
44,482
187,483
157,484
115,485
61,486
50,487
18,488
116,489
194,490
144,491
166,492
190,493
156,494
68,495
113,496
78,497
84,498
169,499
40,500
41,501
154,502
70,503
86,504
197,505
52,506
131,507
98,508
110,509
153,510
180,511
58,512
51,513
142,514
12,515
19,516
99,517
83,518
94,519
155,520
141,521
94,522
191,523
81,524
50,525
46,526
6,527
105,528
155,529
73,530
161,531
73,532
9,533
147,534
110,535
106,536
191,537
136,538
83,539
144,540
124,541
3,542
12,543
2,544
118,545
65,546
33,547
12,548
146,549
57,550
4,551
78,552
196,553
111,554
135,555
136,556
145,557
141,558
167,559
104,560
91,561
9,562
62,563
98,564
196,565
30,566
89,567
155,568
72,569
135,570
154,571
125,572
188,573
82,574
112,575
63,576
140,577
91,578
124,579
150,580
29,581
150,582
114,583
101,584
38,585
89,586
64,587
199,588
10,589
24,590
158,591
111,592
105,593
85,594
66,595
9,596
15,597
153,598
60,599
39,600
51,601
12,602
49,603
190,604
11,605
42,606
53,607
191,608
85,609
65,610
90,611
32,612
113,613
116,614
15,615
24,616
157,617
122,618
98,619
51,620
169,621
68,622
152,623
7,624
63,625
197,626
139,627
169,628
187,629
94,630
4,631
35,632
187,633
44,634
61,635
107,636
48,637
134,638
66,639
152,640
40,641
111,642
122,643
174,644
158,645
61,646
17,647
48,648
126,649
22,650
11,651
191,652
168,653
128,654
184,655
176,656
162,657
34,658
119,659
195,660
6,661
162,662
156,663
170,664
34,665
151,666
75,667
53,668
181,669
146,670
29,671
77,672
122,673
92,674
176,675
173,676
165,677
110,678
127,679
137,680
38,681
52,682
19,683
116,684
199,685
142,686
110,687
19,688
182,689
105,690
37,691
83,692
150,693
30,694
39,695
39,696
150,697
38,698
57,699
53,700
4,701
180,702
23,703
98,704
61,705
175,706
9,707
64,708
40,709
119,710
47,711
7,712
83,713
189,714
34,715
157,716
158,717
34,718
121,719
49,720
62,721
40,722
111,723
84,724
39,725
63,726
155,727
95,728
164,729
145,730
103,731
96,732
28,733
43,734
54,735
65,736
31,737
134,738
138,739
131,740
23,741
47,742
76,743
95,744
137,745
178,746
46,747
173,748
8,749
5,750
152,751
161,752
54,753
97,754
127,755
44,756
190,757
36,758
98,759
133,760
76,761
155,762
93,763
163,764
119,765
187,766
117,767
160,768
144,769
15,770
29,771
27,772
30,773
130,774
144,775
71,776
178,777
39,778
170,779
184,780
192,781
39,782
118,783
136,784
129,785
17,786
96,787
187,788
171,789
90,790
65,791
67,792
101,793
72,794
20,795
89,796
5,797
28,798
33,799
159,800
69,801
48,802
176,803
166,804
91,805
42,806
11,807
192,808
110,809
190,810
129,811
115,812
3,813
189,814
169,815
84,816
51,817
139,818
64,819
112,820
9,821
153,822
142,823
41,824
93,825
168,826
96,827
58,828
24,829
190,830
116,831
19,832
91,833
168,834
142,835
101,836
184,837
84,838
114,839
52,840
158,841
150,842
44,843
120,844
145,845
5,846
10,847
93,848
154,849
178,850
135,851
132,852
14,853
174,854
19,855
14,856
29,857
40,858
164,859
42,860
186,861
94,862
5,863
9,864
70,865
31,866
111,867
161,868
103,869
7,870
170,871
90,872
54,873
89,874
9,875
183,876
123,877
63,878
158,879
9,880
124,881
9,882
32,883
64,884
152,885
148,886
183,887
131,888
191,889
13,890
15,891
117,892
138,893
148,894
67,895
118,896
39,897
163,898
19,899
72,900
157,901
157,902
128,903
37,904
87,905
176,906
100,907
19,908
167,909
116,910
58,911
25,912
68,913
192,914
3,915
151,916
5,917
37,918
97,919
44,920
104,921
43,922
195,923
109,924
13,925
78,926
143,927
141,928
58,929
148,930
107,931
24,932
129,933
13,934
95,935
27,936
27,937
169,938
174,939
11,940
194,941
4,942
176,943
170,944
191,945
137,946
78,947
152,948
113,949
176,950
73,951
48,952
38,953
164,954
71,955
107,956
77,957
186,958
85,959
29,960
81,961
92,962
1,963
182,964
55,965
30,966
23,967
183,968
52,969
36,970
39,971
177,972
186,973
31,974
3,975
178,976
171,977
198,978
74,979
117,980
116,981
39,982
157,983
115,984
40,985
6,986
114,987
132,988
161,989
168,990
144,991
1,992
23,993
116,994
96,995
89,996
22,997
39,998
83,999
30,1000
32,1001
107,1002
25,1003
47,1004
147,1005
136,1006
53,1007
128,1008
41,1009
188,1010
86,1011
21,1012
51,1013
195,1014
122,1015
65,1016
168,1017
52,1018
193,1019
53,1020
144,1021
169,1022
49,1023
143,1024
148,1025
37,1026
182,1027
177,1028
94,1029
28,1030
193,1031
27,1032
129,1033
76,1034
190,1035
8,1036
147,1037
48,1038
30,1039
188,1040
23,1041
28,1042
143,1043
80,1044
117,1045
143,1046
158,1047
93,1048
49,1049
78,1050
180,1051
98,1052
26,1053
132,1054
171,1055
63,1056
82,1057
17,1058
116,1059
181,1060
167,1061
2,1062
189,1063
89,1064
68,1065
80,1066
113,1067
34,1068
96,1069
72,1070
48,1071
183,1072
134,1073
37,1074
118,1075
129,1076
33,1077
187,1078
140,1079
70,1080
57,1081
20,1082
138,1083
101,1084
67,1085
117,1086
62,1087
4,1088
109,1089
144,1090
31,1091
54,1092
76,1093
158,1094
158,1095
175,1096
109,1097
81,1098
130,1099
182,1100
71,1101
32,1102
14,1103
51,1104
16,1105
95,1106
57,1107
15,1108
151,1109
86,1110
4,1111
129,1112
128,1113
74,1114
76,1115
66,1116
88,1117
110,1118
137,1119
179,1120
148,1121
91,1122
116,1123
33,1124
193,1125
150,1126
129,1127
150,1128
153,1129
140,1130
61,1131
160,1132
40,1133
68,1134
142,1135
17,1136
122,1137
118,1138
150,1139
151,1140
50,1141
51,1142
67,1143
125,1144
85,1145
55,1146
12,1147
137,1148
81,1149
132,1150
113,1151
77,1152
83,1153
159,1154
105,1155
92,1156
128,1157
98,1158
7,1159
152,1160
39,1161
167,1162
60,1163
93,1164
23,1165
112,1166
121,1167
60,1168
67,1169
100,1170
156,1171
23,1172
46,1173
19,1174
130,1175
132,1176
124,1177
80,1178
144,1179
148,1180
73,1181
163,1182
114,1183
3,1184
138,1185
144,1186
176,1187
10,1188
138,1189
191,1190
10,1191
83,1192
170,1193
92,1194
156,1195
43,1196
185,1197
5,1198
35,1199
75,1200
174,1201
31,1202
5,1203
68,1204
46,1205
112,1206
99,1207
155,1208
42,1209
53,1210
118,1211
99,1212
176,1213
15,1214
103,1215
80,1216
3,1217
168,1218
90,1219
149,1220
33,1221
109,1222
170,1223
29,1224
62,1225
20,1226
11,1227
111,1228
134,1229
10,1230
24,1231
2,1232
49,1233
153,1234
121,1235
63,1236
115,1237
98,1238
66,1239
13,1240
23,1241
2,1242
108,1243
119,1244
98,1245
19,1246
142,1247
173,1248
116,1249
120,1250
32,1251
114,1252
31,1253
183,1254
4,1255
44,1256
94,1257
13,1258
169,1259
125,1260
140,1261
44,1262
118,1263
166,1264
12,1265
29,1266
199,1267
128,1268
194,1269
132,1270
85,1271
7,1272
129,1273
2,1274
170,1275
7,1276
150,1277
91,1278
186,1279
101,1280
126,1281
65,1282
168,1283
180,1284
164,1285
142,1286
146,1287
132,1288
161,1289
39,1290
1,1291
96,1292
16,1293
47,1294
126,1295
6,1296
64,1297
142,1298
5,1299
137,1300
190,1301
18,1302
7,1303
194,1304
168,1305
1,1306
78,1307
136,1308
11,1309
175,1310
194,1311
6,1312
132,1313
79,1314
120,1315
24,1316
96,1317
177,1318
171,1319
89,1320
127,1321
75,1322
49,1323
187,1324
64,1325
152,1326
106,1327
1,1328
64,1329
121,1330
183,1331
115,1332
188,1333
162,1334
180,1335
117,1336
5,1337
183,1338
158,1339
103,1340
156,1341
2,1342
76,1343
152,1344
199,1345
109,1346
120,1347
2,1348
12,1349
120,1350
163,1351
7,1352
113,1353
120,1354
71,1355
23,1356
41,1357
134,1358
33,1359
187,1360
133,1361
15,1362
86,1363
78,1364
55,1365
74,1366
12,1367
110,1368
102,1369
104,1370
127,1371
94,1372
71,1373
56,1374
75,1375
82,1376
73,1377
8,1378
174,1379
1,1380
189,1381
179,1382
20,1383
81,1384
84,1385
122,1386
26,1387
49,1388
130,1389
131,1390
123,1391
52,1392
66,1393
86,1394
199,1395
142,1396
163,1397
189,1398
99,1399
147,1400
61,1401
79,1402
87,1403
167,1404
122,1405
111,1406
28,1407
129,1408
10,1409
142,1410
185,1411
55,1412
64,1413
101,1414
35,1415
162,1416
85,1417
197,1418
66,1419
19,1420
180,1421
171,1422
13,1423
47,1424
88,1425
173,1426
71,1427
172,1428
46,1429
24,1430
180,1431
4,1432
137,1433
170,1434
198,1435
126,1436
48,1437
57,1438
92,1439
79,1440
145,1441
178,1442
197,1443
162,1444
172,1445
66,1446
115,1447
15,1448
112,1449
62,1450
8,1451
90,1452
149,1453
19,1454
51,1455
48,1456
15,1457
192,1458
72,1459
81,1460
6,1461
34,1462
30,1463
190,1464
31,1465
82,1466
184,1467
192,1468
172,1469
36,1470
60,1471
43,1472
69,1473
150,1474
149,1475
57,1476
86,1477
96,1478
108,1479
60,1480
25,1481
27,1482
52,1483
60,1484
165,1485
197,1486
140,1487
130,1488
61,1489
45,1490
121,1491
155,1492
156,1493
83,1494
118,1495
142,1496
114,1497
126,1498
124,1499
132,1500
153,1501
69,1502
54,1503
34,1504
138,1505
137,1506
114,1507
164,1508
34,1509
87,1510
125,1511
161,1512
119,1513
29,1514
113,1515
122,1516
155,1517
161,1518
150,1519
109,1520
85,1521
92,1522
117,1523
11,1524
1,1525
2,1526
106,1527
123,1528
14,1529
62,1530
109,1531
11,1532
69,1533
20,1534
65,1535
116,1536
191,1537
32,1538
15,1539
56,1540
149,1541
103,1542
129,1543
160,1544
75,1545
39,1546
80,1547
189,1548
148,1549
161,1550
5,1551
82,1552
22,1553
83,1554
28,1555
161,1556
11,1557
134,1558
173,1559
27,1560
124,1561
81,1562
136,1563
142,1564
163,1565
84,1566
144,1567
193,1568
180,1569
14,1570
8,1571
13,1572
32,1573
59,1574
65,1575
103,1576
119,1577
175,1578
97,1579
3,1580
94,1581
39,1582
33,1583
138,1584
174,1585
14,1586
188,1587
114,1588
164,1589
53,1590
63,1591
82,1592
104,1593
40,1594
92,1595
24,1596
118,1597
68,1598
33,1599
18,1600
95,1601
9,1602
30,1603
20,1604
83,1605
108,1606
4,1607
80,1608
14,1609
115,1610
64,1611
159,1612
23,1613
126,1614
83,1615
159,1616
90,1617
79,1618
6,1619
111,1620
64,1621
66,1622
54,1623
15,1624
95,1625
156,1626
130,1627
25,1628
100,1629
121,1630
88,1631
68,1632
99,1633
64,1634
128,1635
76,1636
86,1637
139,1638
47,1639
99,1640
21,1641
195,1642
54,1643
130,1644
131,1645
90,1646
168,1647
2,1648
109,1649
94,1650
175,1651
3,1652
71,1653
140,1654
192,1655
122,1656
100,1657
91,1658
96,1659
118,1660
69,1661
1,1662
63,1663
166,1664
13,1665
56,1666
120,1667
147,1668
35,1669
42,1670
56,1671
29,1672
112,1673
78,1674
36,1675
91,1676
129,1677
5,1678
113,1679
126,1680
111,1681
85,1682
166,1683
114,1684
33,1685
127,1686
1,1687
72,1688
133,1689
34,1690
68,1691
119,1692
1,1693
33,1694
131,1695
134,1696
121,1697
185,1698
64,1699
114,1700
4,1701
90,1702
35,1703
42,1704
15,1705
134,1706
51,1707
58,1708
161,1709
138,1710
107,1711
184,1712
9,1713
45,1714
37,1715
93,1716
14,1717
54,1718
11,1719
139,1720
40,1721
163,1722
38,1723
181,1724
111,1725
34,1726
49,1727
103,1728
102,1729
186,1730
9,1731
47,1732
39,1733
147,1734
56,1735
43,1736
11,1737
145,1738
41,1739
22,1740
77,1741
75,1742
188,1743
36,1744
181,1745
41,1746
33,1747
66,1748
41,1749
65,1750
77,1751
38,1752
92,1753
132,1754
195,1755
36,1756
163,1757
129,1758
149,1759
144,1760
15,1761
47,1762
142,1763
95,1764
115,1765
142,1766
20,1767
119,1768
194,1769
45,1770
175,1771
157,1772
88,1773
169,1774
131,1775
173,1776
80,1777
31,1778
195,1779
73,1780
111,1781
109,1782
31,1783
44,1784
49,1785
146,1786
123,1787
82,1788
47,1789
17,1790
148,1791
116,1792
121,1793
74,1794
128,1795
108,1796
71,1797
97,1798
91,1799
57,1800
16,1801
33,1802
165,1803
153,1804
122,1805
174,1806
21,1807
192,1808
2,1809
74,1810
183,1811
143,1812
64,1813
166,1814
155,1815
18,1816
148,1817
116,1818
78,1819
185,1820
58,1821
188,1822
38,1823
194,1824
96,1825
14,1826
35,1827
172,1828
171,1829
154,1830
190,1831
14,1832
171,1833
55,1834
51,1835
154,1836
40,1837
100,1838
32,1839
82,1840
38,1841
115,1842
158,1843
32,1844
19,1845
29,1846
9,1847
3,1848
145,1849
99,1850
81,1851
115,1852
34,1853
131,1854
105,1855
99,1856
38,1857
193,1858
85,1859
123,1860
22,1861
46,1862
110,1863
83,1864
39,1865
108,1866
68,1867
140,1868
46,1869
162,1870
69,1871
73,1872
130,1873
117,1874
74,1875
32,1876
129,1877
68,1878
30,1879
131,1880
30,1881
162,1882
139,1883
186,1884
171,1885
105,1886
47,1887
176,1888
118,1889
149,1890
140,1891
45,1892
190,1893
147,1894
180,1895
123,1896
120,1897
8,1898
35,1899
34,1900
3,1901
76,1902
58,1903
198,1904
76,1905
158,1906
74,1907
122,1908
2,1909
140,1910
13,1911
126,1912
126,1913
118,1914
90,1915
41,1916
63,1917
19,1918
16,1919
27,1920
155,1921
139,1922
108,1923
37,1924
69,1925
118,1926
33,1927
11,1928
51,1929
17,1930
51,1931
108,1932
49,1933
64,1934
59,1935
198,1936
139,1937
16,1938
108,1939
84,1940
39,1941
55,1942
15,1943
188,1944
186,1945
124,1946
149,1947
27,1948
42,1949
81,1950
158,1951
9,1952
85,1953
137,1954
95,1955
100,1956
138,1957
180,1958
6,1959
57,1960
29,1961
128,1962
49,1963
85,1964
110,1965
140,1966
80,1967
182,1968
182,1969
38,1970
22,1971
63,1972
131,1973
32,1974
147,1975
106,1976
78,1977
34,1978
168,1979
79,1980
59,1981
24,1982
100,1983
114,1984
14,1985
110,1986
160,1987
21,1988
26,1989
98,1990
76,1991
185,1992
181,1993
124,1994
47,1995
29,1996
93,1997
184,1998
89,1999
50,2000
46,2001
60,2002
67,2003
131,2004
84,2005
53,2006
32,2007
198,2008
37,2009
175,2010
87,2011
148,2012
49,2013
60,2014
8,2015
145,2016
52,2017
3,2018
101,2019
56,2020
61,2021
66,2022
160,2023
110,2024
161,2025
33,2026
155,2027
125,2028
160,2029
120,2030
97,2031
103,2032
83,2033
168,2034
29,2035
61,2036
188,2037
122,2038
17,2039
3,2040
144,2041
149,2042
60,2043
173,2044
35,2045
81,2046
73,2047
152,2048
192,2049
79,2050
80,2051
136,2052
16,2053
122,2054
115,2055
87,2056
27,2057
186,2058
38,2059
84,2060
12,2061
68,2062
132,2063
120,2064
139,2065
43,2066
181,2067
178,2068
159,2069
189,2070
18,2071
152,2072
13,2073
161,2074
56,2075
22,2076
20,2077
154,2078
11,2079
191,2080
191,2081
169,2082
108,2083
181,2084
38,2085
199,2086
84,2087
84,2088
51,2089
21,2090
90,2091
70,2092
87,2093
19,2094
20,2095
63,2096
129,2097
47,2098
194,2099
127,2100
39,2101
78,2102
148,2103
52,2104
71,2105
125,2106
37,2107
126,2108
110,2109
44,2110
198,2111
45,2112
185,2113
140,2114
68,2115
76,2116
57,2117
70,2118
180,2119
154,2120
131,2121
35,2122
95,2123
10,2124
106,2125
48,2126
174,2127
174,2128
193,2129
188,2130
37,2131
142,2132
2,2133
51,2134
8,2135
89,2136
63,2137
34,2138
108,2139
130,2140
66,2141
173,2142
161,2143
157,2144
179,2145
167,2146
33,2147
57,2148
75,2149
147,2150
136,2151
88,2152
4,2153
30,2154
36,2155
26,2156
92,2157
29,2158
2,2159
86,2160
139,2161
80,2162
107,2163
156,2164
172,2165
92,2166
26,2167
139,2168
199,2169
25,2170
9,2171
99,2172
177,2173
180,2174
38,2175
13,2176
150,2177
26,2178
86,2179
1,2180
97,2181
122,2182
161,2183
52,2184
125,2185
100,2186
110,2187
17,2188
154,2189
26,2190
31,2191
49,2192
191,2193
167,2194
128,2195
98,2196
120,2197
178,2198
132,2199
151,2200
15,2201
50,2202
85,2203
77,2204
97,2205
41,2206
39,2207
199,2208
111,2209
149,2210
6,2211
151,2212
162,2213
120,2214
118,2215
141,2216
22,2217
105,2218
164,2219
4,2220
191,2221
100,2222
65,2223
133,2224
28,2225
56,2226
125,2227
71,2228
121,2229
125,2230
71,2231
37,2232
198,2233
87,2234
36,2235
52,2236
86,2237
66,2238
127,2239
188,2240
101,2241
33,2242
39,2243
17,2244
199,2245
185,2246
13,2247
88,2248
109,2249
156,2250
43,2251
131,2252
106,2253
96,2254
12,2255
155,2256
182,2257
94,2258
157,2259
90,2260
109,2261
153,2262
101,2263
66,2264
94,2265
146,2266
97,2267
195,2268
7,2269
180,2270
68,2271
193,2272
180,2273
24,2274
15,2275
113,2276
141,2277
130,2278
178,2279
152,2280
139,2281
69,2282
8,2283
71,2284
48,2285
125,2286
133,2287
130,2288
164,2289
196,2290
150,2291
147,2292
55,2293
29,2294
128,2295
1,2296
143,2297
159,2298
70,2299
187,2300
115,2301
154,2302
76,2303
16,2304
8,2305
93,2306
17,2307
87,2308
10,2309
94,2310
36,2311
102,2312
103,2313
75,2314
67,2315
87,2316
114,2317
94,2318
37,2319
109,2320
59,2321
127,2322
110,2323
182,2324
175,2325
192,2326
92,2327
131,2328
184,2329
89,2330
170,2331
32,2332
4,2333
46,2334
87,2335
18,2336
189,2337
102,2338
134,2339
176,2340
126,2341
159,2342
159,2343
41,2344
183,2345
88,2346
58,2347
37,2348
64,2349
20,2350
9,2351
52,2352
142,2353
20,2354
64,2355
111,2356
51,2357
128,2358
22,2359
166,2360
144,2361
20,2362
191,2363
177,2364
196,2365
192,2366
82,2367
58,2368
81,2369
119,2370
43,2371
54,2372
4,2373
60,2374
29,2375
130,2376
13,2377
171,2378
18,2379
29,2380
160,2381
94,2382
72,2383
53,2384
131,2385
182,2386
64,2387
13,2388
71,2389
190,2390
110,2391
150,2392
6,2393
70,2394
67,2395
88,2396
166,2397
106,2398
86,2399
156,2400
132,2401
23,2402
124,2403
36,2404
131,2405
150,2406
169,2407
67,2408
180,2409
79,2410
55,2411
11,2412
177,2413
29,2414
55,2415
8,2416
60,2417
27,2418
58,2419
93,2420
16,2421
43,2422
90,2423
91,2424
134,2425
57,2426
51,2427
181,2428
26,2429
104,2430
94,2431
154,2432
39,2433
128,2434
168,2435
171,2436
190,2437
105,2438
115,2439
21,2440
11,2441
95,2442
51,2443
172,2444
18,2445
189,2446
73,2447
194,2448
165,2449
66,2450
57,2451
64,2452
163,2453
142,2454
152,2455
157,2456
191,2457
51,2458
66,2459
76,2460
82,2461
187,2462
56,2463
14,2464
83,2465
162,2466
185,2467
153,2468
60,2469
38,2470
72,2471
117,2472
162,2473
34,2474
168,2475
140,2476
196,2477
78,2478
85,2479
128,2480
192,2481
47,2482
154,2483
44,2484
16,2485
165,2486
127,2487
101,2488
50,2489
149,2490
182,2491
153,2492
37,2493
12,2494
80,2495
136,2496
22,2497
159,2498
153,2499
199,2500
132,2501
86,2502
190,2503
3,2504
80,2505
23,2506
45,2507
30,2508
144,2509
149,2510
1,2511
169,2512
18,2513
140,2514
105,2515
79,2516
26,2517
155,2518
144,2519
154,2520
24,2521
184,2522
49,2523
23,2524
75,2525
130,2526
117,2527
172,2528
96,2529
127,2530
39,2531
177,2532
92,2533
115,2534
83,2535
153,2536
74,2537
57,2538
128,2539
69,2540
58,2541
5,2542
126,2543
31,2544
141,2545
88,2546
6,2547
112,2548
152,2549
181,2550
56,2551
170,2552
56,2553
122,2554
74,2555
166,2556
64,2557
103,2558
36,2559
112,2560
158,2561
191,2562
41,2563
164,2564
28,2565
189,2566
115,2567
71,2568
86,2569
89,2570
80,2571
177,2572
84,2573
163,2574
47,2575
183,2576
22,2577
146,2578
35,2579
106,2580
162,2581
22,2582
86,2583
67,2584
2,2585
161,2586
165,2587
23,2588
79,2589
183,2590
73,2591
13,2592
107,2593
131,2594
35,2595
163,2596
177,2597
196,2598
5,2599
1,2600
168,2601
137,2602
2,2603
195,2604
156,2605
8,2606
158,2607
176,2608
119,2609
172,2610
147,2611
6,2612
164,2613
72,2614
16,2615
82,2616
9,2617
33,2618
57,2619
14,2620
166,2621
58,2622
155,2623
63,2624
131,2625
175,2626
26,2627
138,2628
142,2629
28,2630
33,2631
85,2632
4,2633
170,2634
95,2635
192,2636
96,2637
134,2638
178,2639
35,2640
39,2641
32,2642
78,2643
173,2644
141,2645
196,2646
12,2647
81,2648
154,2649
68,2650
68,2651
29,2652
64,2653
63,2654
148,2655
152,2656
163,2657
174,2658
106,2659
76,2660
7,2661
194,2662
85,2663
90,2664
85,2665
188,2666
165,2667
18,2668
126,2669
61,2670
37,2671
85,2672
19,2673
144,2674
151,2675
18,2676
109,2677
147,2678
32,2679
61,2680
160,2681
93,2682
30,2683
96,2684
138,2685
164,2686
66,2687
117,2688
157,2689
20,2690
170,2691
70,2692
141,2693
56,2694
136,2695
51,2696
174,2697
130,2698
71,2699
76,2700
77,2701
62,2702
16,2703
159,2704
149,2705
96,2706
157,2707
146,2708
101,2709
189,2710
163,2711
186,2712
12,2713
41,2714
46,2715
195,2716
81,2717
86,2718
187,2719
81,2720
167,2721
194,2722
126,2723
80,2724
57,2725
170,2726
133,2727
13,2728
144,2729
119,2730
34,2731
70,2732
143,2733
33,2734
69,2735
83,2736
124,2737
60,2738
192,2739
79,2740
99,2741
120,2742
104,2743
87,2744
79,2745
35,2746
87,2747
69,2748
104,2749
14,2750
186,2751
150,2752
87,2753
187,2754
132,2755
121,2756
96,2757
194,2758
170,2759
82,2760
6,2761
159,2762
54,2763
105,2764
120,2765
67,2766
116,2767
79,2768
168,2769
91,2770
47,2771
53,2772
123,2773
172,2774
71,2775
27,2776
186,2777
109,2778
112,2779
86,2780
181,2781
81,2782
137,2783
24,2784
91,2785
191,2786
102,2787
176,2788
70,2789
29,2790
154,2791
108,2792
160,2793
78,2794
15,2795
166,2796
168,2797
178,2798
77,2799
135,2800
23,2801
198,2802
100,2803
19,2804
22,2805
25,2806
129,2807
90,2808
54,2809
32,2810
92,2811
25,2812
52,2813
101,2814
62,2815
151,2816
103,2817
138,2818
32,2819
158,2820
56,2821
195,2822
33,2823
75,2824
17,2825
16,2826
5,2827
81,2828
133,2829
78,2830
60,2831
43,2832
130,2833
68,2834
178,2835
171,2836
145,2837
171,2838
175,2839
166,2840
73,2841
146,2842
47,2843
124,2844
192,2845
197,2846
53,2847
110,2848
70,2849
189,2850
183,2851
50,2852
9,2853
188,2854
37,2855
94,2856
101,2857
33,2858
168,2859
29,2860
11,2861
56,2862
20,2863
22,2864
115,2865
34,2866
44,2867
199,2868
168,2869
108,2870
142,2871
63,2872
151,2873
131,2874
29,2875
177,2876
176,2877
39,2878
106,2879
75,2880
103,2881
185,2882
106,2883
195,2884
120,2885
5,2886
62,2887
193,2888
107,2889
24,2890
13,2891
27,2892
61,2893
151,2894
39,2895
25,2896
147,2897
163,2898
144,2899
187,2900
31,2901
157,2902
115,2903
157,2904
127,2905
168,2906
65,2907
68,2908
186,2909
186,2910
74,2911
192,2912
84,2913
39,2914
133,2915
52,2916
8,2917
172,2918
97,2919
26,2920
77,2921
21,2922
148,2923
121,2924
32,2925
112,2926
109,2927
34,2928
120,2929
32,2930
117,2931
142,2932
169,2933
181,2934
64,2935
188,2936
16,2937
183,2938
61,2939
101,2940
37,2941
193,2942
113,2943
40,2944
124,2945
94,2946
145,2947
101,2948
36,2949
62,2950
1,2951
59,2952
167,2953
95,2954
170,2955
177,2956
21,2957
150,2958
195,2959
80,2960
116,2961
119,2962
46,2963
78,2964
97,2965
161,2966
49,2967
141,2968
57,2969
138,2970
50,2971
128,2972
168,2973
12,2974
9,2975
26,2976
43,2977
161,2978
173,2979
89,2980
52,2981
76,2982
106,2983
184,2984
106,2985
50,2986
120,2987
81,2988
192,2989
30,2990
109,2991
58,2992
7,2993
175,2994
170,2995
65,2996
195,2997
129,2998
180,2999
11,3000
69,3001
19,3002
18,3003
39,3004
75,3005
162,3006
31,3007
31,3008
57,3009
53,3010
78,3011
162,3012
14,3013
136,3014
73,3015
178,3016
71,3017
83,3018
126,3019
96,3020
172,3021
179,3022
43,3023
55,3024
153,3025
113,3026
44,3027
24,3028
170,3029
142,3030
129,3031
97,3032
192,3033
121,3034
183,3035
169,3036
91,3037
24,3038
99,3039
121,3040
105,3041
15,3042
31,3043
147,3044
161,3045
117,3046
2,3047
36,3048
63,3049
59,3050
31,3051
115,3052
124,3053
55,3054
50,3055
149,3056
125,3057
50,3058
74,3059
158,3060
70,3061
150,3062
98,3063
135,3064
29,3065
44,3066
97,3067
21,3068
124,3069
11,3070
99,3071
6,3072
37,3073
112,3074
44,3075
172,3076
2,3077
85,3078
107,3079
129,3080
104,3081
124,3082
10,3083
168,3084
189,3085
125,3086
29,3087
115,3088
36,3089
82,3090
40,3091
92,3092
48,3093
131,3094
12,3095
66,3096
159,3097
133,3098
9,3099
77,3100
120,3101
113,3102
58,3103
42,3104
130,3105
132,3106
146,3107
12,3108
10,3109
153,3110
80,3111
103,3112
159,3113
138,3114
31,3115
167,3116
10,3117
125,3118
102,3119
117,3120
114,3121
36,3122
128,3123
193,3124
73,3125
5,3126
143,3127
112,3128
51,3129
52,3130
164,3131
71,3132
62,3133
90,3134
19,3135
3,3136
102,3137
82,3138
152,3139
61,3140
99,3141
122,3142
150,3143
34,3144
23,3145
140,3146
29,3147
113,3148
77,3149
102,3150
135,3151
31,3152
184,3153
18,3154
160,3155
18,3156
198,3157
107,3158
79,3159
154,3160
67,3161
103,3162
1,3163
172,3164
71,3165
20,3166
158,3167
101,3168
180,3169
44,3170
37,3171
168,3172
197,3173
153,3174
14,3175
23,3176
10,3177
168,3178
172,3179
59,3180
76,3181
125,3182
134,3183
45,3184
45,3185
32,3186
14,3187
106,3188
2,3189
16,3190
199,3191
180,3192
96,3193
93,3194
118,3195
140,3196
92,3197
6,3198
42,3199
18,3200
19,3201
195,3202
48,3203
167,3204
136,3205
39,3206
81,3207
165,3208
24,3209
159,3210
129,3211
39,3212
170,3213
29,3214
105,3215
170,3216
32,3217
92,3218
70,3219
182,3220
71,3221
128,3222
179,3223
78,3224
178,3225
156,3226
141,3227
190,3228
126,3229
163,3230
160,3231
38,3232
31,3233
138,3234
158,3235
153,3236
123,3237
28,3238
9,3239
45,3240
110,3241
66,3242
31,3243
88,3244
76,3245
148,3246
144,3247
147,3248
25,3249
69,3250
101,3251
22,3252
105,3253
156,3254
172,3255
155,3256
189,3257
134,3258
33,3259
43,3260
180,3261
54,3262
57,3263
116,3264
3,3265
62,3266
62,3267
157,3268
170,3269
88,3270
103,3271
25,3272
46,3273
81,3274
184,3275
131,3276
39,3277
111,3278
52,3279
140,3280
190,3281
189,3282
134,3283
21,3284
9,3285
104,3286
48,3287
187,3288
139,3289
33,3290
171,3291
64,3292
77,3293
30,3294
88,3295
63,3296
75,3297
98,3298
84,3299
100,3300
176,3301
65,3302
31,3303
152,3304
48,3305
151,3306
164,3307
66,3308
30,3309
50,3310
27,3311
45,3312
162,3313
83,3314
10,3315
60,3316
88,3317
25,3318
189,3319
70,3320
2,3321
44,3322
159,3323
56,3324
49,3325
165,3326
60,3327
33,3328
73,3329
7,3330
35,3331
26,3332
11,3333
93,3334
71,3335
166,3336
32,3337
181,3338
39,3339
117,3340
187,3341
199,3342
36,3343
164,3344
3,3345
76,3346
22,3347
148,3348
136,3349
50,3350
138,3351
41,3352
141,3353
72,3354
42,3355
156,3356
166,3357
92,3358
199,3359
41,3360
160,3361
144,3362
79,3363
55,3364
157,3365
133,3366
81,3367
91,3368
100,3369
7,3370
175,3371
68,3372
62,3373
20,3374
24,3375
68,3376
171,3377
175,3378
122,3379
10,3380
44,3381
170,3382
42,3383
141,3384
128,3385
197,3386
178,3387
42,3388
181,3389
43,3390
93,3391
183,3392
171,3393
33,3394
129,3395
38,3396
162,3397
11,3398
98,3399
80,3400
173,3401
143,3402
100,3403
127,3404
30,3405
175,3406
148,3407
154,3408
103,3409
78,3410
78,3411
106,3412
20,3413
18,3414
14,3415
141,3416
144,3417
190,3418
10,3419
79,3420
66,3421
171,3422
130,3423
19,3424
57,3425
146,3426
185,3427
68,3428
26,3429
46,3430
93,3431
108,3432
86,3433
74,3434
151,3435
147,3436
114,3437
66,3438
194,3439
147,3440
6,3441
95,3442
166,3443
141,3444
151,3445
35,3446
194,3447
102,3448
4,3449
41,3450
44,3451
148,3452
121,3453
123,3454
61,3455
91,3456
108,3457
175,3458
40,3459
60,3460
118,3461
183,3462
171,3463
13,3464
104,3465
80,3466
21,3467
176,3468
131,3469
18,3470
15,3471
78,3472
146,3473
128,3474
45,3475
153,3476
125,3477
133,3478
144,3479
196,3480
21,3481
116,3482
86,3483
133,3484
138,3485
189,3486
39,3487
117,3488
152,3489
149,3490
77,3491
183,3492
27,3493
107,3494
47,3495
89,3496
131,3497
95,3498
192,3499
198,3500
100,3501
157,3502
103,3503
92,3504
89,3505
127,3506
4,3507
172,3508
68,3509
21,3510
147,3511
179,3512
111,3513
144,3514
32,3515
151,3516
72,3517
37,3518
199,3519
20,3520
91,3521
167,3522
175,3523
47,3524
149,3525
114,3526
66,3527
33,3528
95,3529
54,3530
122,3531
175,3532
96,3533
63,3534
119,3535
186,3536
97,3537
39,3538
118,3539
125,3540
177,3541
140,3542
90,3543
195,3544
139,3545
24,3546
195,3547
123,3548
42,3549
24,3550
103,3551
12,3552
96,3553
191,3554
31,3555
70,3556
70,3557
172,3558
100,3559
22,3560
99,3561
186,3562
167,3563
114,3564
199,3565
100,3566
195,3567
114,3568
161,3569
128,3570
119,3571
198,3572
61,3573
65,3574
7,3575
149,3576
67,3577
115,3578
114,3579
32,3580
196,3581
70,3582
17,3583
23,3584
8,3585
2,3586
69,3587
195,3588
136,3589
56,3590
13,3591
131,3592
157,3593
149,3594
146,3595
58,3596
141,3597
176,3598
166,3599
137,3600
5,3601
31,3602
182,3603
3,3604
134,3605
184,3606
48,3607
190,3608
165,3609
61,3610
19,3611
28,3612
162,3613
95,3614
104,3615
10,3616
181,3617
1,3618
75,3619
7,3620
161,3621
98,3622
155,3623
8,3624
55,3625
124,3626
106,3627
122,3628
22,3629
55,3630
77,3631
196,3632
140,3633
153,3634
188,3635
112,3636
20,3637
125,3638
120,3639
80,3640
78,3641
104,3642
173,3643
175,3644
180,3645
48,3646
93,3647
52,3648
185,3649
100,3650
94,3651
60,3652
24,3653
177,3654
84,3655
55,3656
12,3657
144,3658
163,3659
76,3660
45,3661
75,3662
103,3663
94,3664
89,3665
4,3666
88,3667
116,3668
125,3669
17,3670
118,3671
117,3672
57,3673
47,3674
98,3675
1,3676
8,3677
77,3678
64,3679
157,3680
129,3681
132,3682
155,3683
73,3684
182,3685
89,3686
156,3687
88,3688
196,3689
180,3690
18,3691
25,3692
88,3693
24,3694
3,3695
171,3696
103,3697
124,3698
15,3699
79,3700
21,3701
5,3702
92,3703
144,3704
140,3705
60,3706
53,3707
139,3708
114,3709
55,3710
99,3711
71,3712
185,3713
18,3714
138,3715
126,3716
82,3717
95,3718
29,3719
140,3720
146,3721
153,3722
20,3723
22,3724
30,3725
134,3726
88,3727
16,3728
52,3729
194,3730
91,3731
99,3732
37,3733
48,3734
174,3735
153,3736
168,3737
197,3738
185,3739
155,3740
181,3741
145,3742
188,3743
104,3744
141,3745
24,3746
164,3747
128,3748
186,3749
63,3750
106,3751
127,3752
69,3753
5,3754
120,3755
115,3756
127,3757
79,3758
99,3759
104,3760
140,3761
135,3762
144,3763
198,3764
87,3765
164,3766
86,3767
114,3768
145,3769
146,3770
79,3771
124,3772
1,3773
117,3774
68,3775
81,3776
136,3777
35,3778
177,3779
19,3780
1,3781
124,3782
79,3783
179,3784
32,3785
15,3786
48,3787
76,3788
14,3789
67,3790
120,3791
141,3792
60,3793
140,3794
110,3795
133,3796
183,3797
111,3798
46,3799
49,3800
160,3801
63,3802
104,3803
187,3804
112,3805
90,3806
124,3807
25,3808
40,3809
26,3810
157,3811
69,3812
127,3813
170,3814
82,3815
143,3816
161,3817
186,3818
17,3819
38,3820
169,3821
145,3822
72,3823
112,3824
112,3825
95,3826
165,3827
168,3828
133,3829
169,3830
155,3831
156,3832
63,3833
4,3834
112,3835
144,3836
110,3837
95,3838
120,3839
74,3840
90,3841
165,3842
91,3843
1,3844
93,3845
161,3846
24,3847
7,3848
199,3849
146,3850
163,3851
152,3852
187,3853
139,3854
64,3855
96,3856
52,3857
61,3858
141,3859
129,3860
182,3861
169,3862
154,3863
105,3864
114,3865
55,3866
77,3867
36,3868
3,3869
45,3870
134,3871
183,3872
110,3873
177,3874
180,3875
61,3876
194,3877
54,3878
33,3879
119,3880
40,3881
53,3882
143,3883
88,3884
166,3885
13,3886
83,3887
195,3888
3,3889
132,3890
33,3891
71,3892
47,3893
96,3894
195,3895
109,3896
50,3897
64,3898
20,3899
8,3900
192,3901
184,3902
66,3903
65,3904
35,3905
22,3906
129,3907
157,3908
1,3909
29,3910
77,3911
32,3912
3,3913
56,3914
14,3915
104,3916
22,3917
176,3918
182,3919
166,3920
86,3921
113,3922
44,3923
145,3924
22,3925
72,3926
121,3927
16,3928
155,3929
4,3930
25,3931
74,3932
183,3933
148,3934
173,3935
28,3936
88,3937
91,3938
158,3939
47,3940
66,3941
137,3942
47,3943
75,3944
47,3945
86,3946
102,3947
128,3948
175,3949
133,3950
118,3951
102,3952
91,3953
147,3954
185,3955
2,3956
9,3957
53,3958
160,3959
183,3960
39,3961
133,3962
26,3963
98,3964
162,3965
123,3966
144,3967
88,3968
161,3969
122,3970
86,3971
73,3972
36,3973
187,3974
170,3975
127,3976
48,3977
17,3978
164,3979
115,3980
16,3981
1,3982
186,3983
17,3984
7,3985
55,3986
68,3987
153,3988
1,3989
21,3990
33,3991
198,3992
169,3993
196,3994
129,3995
160,3996
98,3997
135,3998
62,3999
111,4000
